{
  "nRuns": 45,
  "cells": {
    "recall__no-context": {
      "costUsd": {
        "mean": 0.2197279,
        "std": 0.007233415067587375,
        "median": 0.21671475,
        "n": 5
      },
      "wallMs": {
        "mean": 57304.6,
        "std": 13723.304406738196,
        "median": 56268,
        "n": 5
      },
      "turns": {
        "mean": 3.4,
        "std": 0.4898979485566356,
        "median": 3,
        "n": 5
      },
      "inputTokens": {
        "mean": 7,
        "std": 0,
        "median": 7,
        "n": 5
      },
      "outputTokens": {
        "mean": 1704.8,
        "std": 155.42123407050917,
        "median": 1698,
        "n": 5
      },
      "cacheCreate": {
        "mean": 24027.2,
        "std": 589.6983635724284,
        "median": 23705,
        "n": 5
      },
      "grounded": {
        "mean": 0,
        "std": 0,
        "median": 0,
        "n": 0
      },
      "useful": {
        "mean": 0,
        "std": 0,
        "median": 0,
        "n": 0
      }
    },
    "recall__raw-memory": {
      "costUsd": {
        "mean": 0.29158164999999997,
        "std": 0.01676017077672539,
        "median": 0.2932975,
        "n": 5
      },
      "wallMs": {
        "mean": 92201.6,
        "std": 9422.673900756621,
        "median": 88229,
        "n": 5
      },
      "turns": {
        "mean": 2.6,
        "std": 0.4898979485566356,
        "median": 3,
        "n": 5
      },
      "inputTokens": {
        "mean": 7.4,
        "std": 0.48989794855663565,
        "median": 7,
        "n": 5
      },
      "outputTokens": {
        "mean": 1632.6,
        "std": 242.85188901880093,
        "median": 1529,
        "n": 5
      },
      "cacheCreate": {
        "mean": 33463,
        "std": 438.48694393333994,
        "median": 33738,
        "n": 5
      },
      "grounded": {
        "mean": 0,
        "std": 0,
        "median": 0,
        "n": 0
      },
      "useful": {
        "mean": 0,
        "std": 0,
        "median": 0,
        "n": 0
      }
    },
    "recall__brief": {
      "costUsd": {
        "mean": 0.2605162,
        "std": 0.024629454654133128,
        "median": 0.24357575,
        "n": 5
      },
      "wallMs": {
        "mean": 47368.2,
        "std": 5090.967310835928,
        "median": 46947,
        "n": 5
      },
      "turns": {
        "mean": 3.6,
        "std": 0.8,
        "median": 3,
        "n": 5
      },
      "inputTokens": {
        "mean": 8.6,
        "std": 0.7999999999999999,
        "median": 8,
        "n": 5
      },
      "outputTokens": {
        "mean": 1803.4,
        "std": 266.20413219933306,
        "median": 1650,
        "n": 5
      },
      "cacheCreate": {
        "mean": 24832.4,
        "std": 259.802694366321,
        "median": 24675,
        "n": 5
      },
      "grounded": {
        "mean": 0,
        "std": 0,
        "median": 0,
        "n": 0
      },
      "useful": {
        "mean": 0,
        "std": 0,
        "median": 0,
        "n": 0
      }
    },
    "planning__no-context": {
      "costUsd": {
        "mean": 0.20927854999999998,
        "std": 0.025958173466366998,
        "median": 0.21505749999999998,
        "n": 5
      },
      "wallMs": {
        "mean": 32142.8,
        "std": 6039.253178994899,
        "median": 33380,
        "n": 5
      },
      "turns": {
        "mean": 3,
        "std": 0.8944271909999159,
        "median": 3,
        "n": 5
      },
      "inputTokens": {
        "mean": 8,
        "std": 0.8944271909999159,
        "median": 8,
        "n": 5
      },
      "outputTokens": {
        "mean": 1130.6,
        "std": 335.57032049929563,
        "median": 1237,
        "n": 5
      },
      "cacheCreate": {
        "mean": 21629,
        "std": 364.04724968058747,
        "median": 21488,
        "n": 5
      },
      "grounded": {
        "mean": 0,
        "std": 0,
        "median": 0,
        "n": 0
      },
      "useful": {
        "mean": 0,
        "std": 0,
        "median": 0,
        "n": 0
      }
    },
    "planning__raw-memory": {
      "costUsd": {
        "mean": 0.2339454,
        "std": 0.027028258535558663,
        "median": 0.22160149999999998,
        "n": 5
      },
      "wallMs": {
        "mean": 45020,
        "std": 24279.00180814689,
        "median": 43465,
        "n": 5
      },
      "turns": {
        "mean": 1.4,
        "std": 0.8000000000000002,
        "median": 1,
        "n": 5
      },
      "inputTokens": {
        "mean": 6.4,
        "std": 0.7999999999999999,
        "median": 6,
        "n": 5
      },
      "outputTokens": {
        "mean": 948.4,
        "std": 316.47028296508347,
        "median": 937,
        "n": 5
      },
      "cacheCreate": {
        "mean": 30799.2,
        "std": 563.3952076473495,
        "median": 30459,
        "n": 5
      },
      "grounded": {
        "mean": 0,
        "std": 0,
        "median": 0,
        "n": 0
      },
      "useful": {
        "mean": 0,
        "std": 0,
        "median": 0,
        "n": 0
      }
    },
    "planning__brief": {
      "costUsd": {
        "mean": 0.17806845,
        "std": 0.029859030561707786,
        "median": 0.16414525000000002,
        "n": 5
      },
      "wallMs": {
        "mean": 28987.4,
        "std": 7731.166499306557,
        "median": 24589,
        "n": 5
      },
      "turns": {
        "mean": 1.6,
        "std": 1.2000000000000002,
        "median": 1,
        "n": 5
      },
      "inputTokens": {
        "mean": 6.6,
        "std": 1.2,
        "median": 6,
        "n": 5
      },
      "outputTokens": {
        "mean": 751.4,
        "std": 167.28251552388852,
        "median": 738,
        "n": 5
      },
      "cacheCreate": {
        "mean": 22297.8,
        "std": 493.3264233750307,
        "median": 22079,
        "n": 5
      },
      "grounded": {
        "mean": 1,
        "std": 0,
        "median": 1,
        "n": 1
      },
      "useful": {
        "mean": 3,
        "std": 0,
        "median": 3,
        "n": 1
      }
    },
    "debug__no-context": {
      "costUsd": {
        "mean": 0.3606449,
        "std": 0.11040451824705817,
        "median": 0.36237575,
        "n": 5
      },
      "wallMs": {
        "mean": 37743.2,
        "std": 9756.845092549127,
        "median": 35411,
        "n": 5
      },
      "turns": {
        "mean": 2.6,
        "std": 0.8,
        "median": 3,
        "n": 5
      },
      "inputTokens": {
        "mean": 11.6,
        "std": 2.8000000000000003,
        "median": 13,
        "n": 5
      },
      "outputTokens": {
        "mean": 995.8,
        "std": 76.52816474997947,
        "median": 1017,
        "n": 5
      },
      "cacheCreate": {
        "mean": 49510.8,
        "std": 16494.67654002345,
        "median": 48077,
        "n": 5
      },
      "grounded": {
        "mean": 4.6,
        "std": 0.48989794855663565,
        "median": 5,
        "n": 5
      },
      "useful": {
        "mean": 4.8,
        "std": 0.39999999999999997,
        "median": 5,
        "n": 5
      }
    },
    "debug__raw-memory": {
      "costUsd": {
        "mean": 0.26986715,
        "std": 0.10440196478486409,
        "median": 0.219514,
        "n": 5
      },
      "wallMs": {
        "mean": 28036.6,
        "std": 782.7609085793694,
        "median": 28075,
        "n": 5
      },
      "turns": {
        "mean": 1.4,
        "std": 0.8,
        "median": 1,
        "n": 5
      },
      "inputTokens": {
        "mean": 7.4,
        "std": 2.8000000000000003,
        "median": 6,
        "n": 5
      },
      "outputTokens": {
        "mean": 746.4,
        "std": 67.22083010496077,
        "median": 712,
        "n": 5
      },
      "cacheCreate": {
        "mean": 37841.8,
        "std": 14587.585741307572,
        "median": 30454,
        "n": 5
      },
      "grounded": {
        "mean": 4.6,
        "std": 0.4898979485566356,
        "median": 5,
        "n": 5
      },
      "useful": {
        "mean": 4.8,